student_id,name,semester,section,subject,marks,max_marks,attendance
S001,Aarav,1,A,Mathematics,88,100,95
S001,Aarav,1,A,Python,92,100,96
S001,Aarav,1,A,Statistics,81,100,94
S001,Aarav,1,A,Database,86,100,92
S002,Diya,1,A,Mathematics,76,100,90
S002,Diya,1,A,Python,84,100,91
S002,Diya,1,A,Statistics,79,100,89
S002,Diya,1,A,Database,82,100,93
S003,Arjun,1,B,Mathematics,65,100,82
S003,Arjun,1,B,Python,72,100,85
S003,Arjun,1,B,Statistics,68,100,80
S003,Arjun,1,B,Database,74,100,84
S004,Meera,1,B,Mathematics,93,100,98
S004,Meera,1,B,Python,89,100,97
S004,Meera,1,B,Statistics,95,100,99
S004,Meera,1,B,Database,91,100,98
S005,Rohan,2,A,Mathematics,71,100,88
S005,Rohan,2,A,Python,77,100,90
S005,Rohan,2,A,Statistics,74,100,86
S005,Rohan,2,A,Database,79,100,89
S006,Isha,2,A,Mathematics,86,100,94
S006,Isha,2,A,Python,91,100,95
S006,Isha,2,A,Statistics,88,100,93
S006,Isha,2,A,Database,90,100,96
S007,Karan,2,B,Mathematics,52,100,76
S007,Karan,2,B,Python,61,100,80
S007,Karan,2,B,Statistics,57,100,78
S007,Karan,2,B,Database,63,100,81
S008,Ananya,2,B,Mathematics,97,100,99
S008,Ananya,2,B,Python,94,100,98
S008,Ananya,2,B,Statistics,96,100,99
S008,Ananya,2,B,Database,92,100,97
